INSERT INTO events (event_id,event_name,event_category) VALUES (1,'Sales','Marketing '),(2,'Site Traffic','Marketing '),(3,'Store Traffic','Marketing '),(4,'Conversion','Marketing '),(5,'Promotions','Financials'),(6,'Campaigns','Financials'),(7,'Promotion 1','Financials'),(8,'Promotion 2','Financials'),(9,'Promotion 3','Operations'),(10,'Promotion 4','Operations'),(11,'Promotion 5','Operations'),(12,'Promotion 6','Operations'),(13,'Merch Promotion 1','Supply Chain'),(14,'Merch Promotion 2','Supply Chain'),(15,'Merch Promotion 3','Supply Chain'),(16,'Merch Promotion 4','Supply Chain');
INSERT INTO events_by_months (event_id,month_id,event_metrics) VALUES (1,201801,3755),(1,201802,3138),(2,201801,3291),(2,201802,2971),(3,201801,3766),(3,201802,2159),(4,201801,2577),(4,201802,3076),(5,201801,3239),(5,201802,2414),(6,201801,2062),(6,201802,2933),(7,201801,2644),(7,201802,3134),(8,201801,2147),(8,201802,2203),(9,201801,2460),(9,201802,2451),(10,201801,3765),(10,201802,3264),(11,201801,2865),(11,201802,3194),(12,201801,3933),(12,201802,2952),(13,201801,2261),(13,201802,3072),(14,201801,3183),(14,201802,2222),(15,201801,2311),(15,201802,2695),(16,201801,3875),(16,201802,2945);
INSERT INTO events_by_timestamp (event_id,date_id,date_time_stamp,event_metrics) VALUES (1,20180101,'2018-01-01 00:00:00',323),(1,20180101,'2018-01-01 01:00:00',332),(1,20180101,'2018-01-01 02:00:00',446),(2,20180101,'2018-01-01 00:00:00',120),(2,20180101,'2018-01-01 01:00:00',230),(2,20180101,'2018-01-01 02:00:00',320),(2,20180101,'2018-01-01 03:00:00',450),(3,20180101,'2018-01-01 00:00:00',100),(3,20180101,'2018-01-01 01:00:00',150),(3,20180101,'2018-01-01 02:00:00',170),(4,20180101,'2018-01-01 00:00:00',560),(4,20180101,'2018-01-01 01:00:00',730),(5,20180101,'2018-01-01 00:00:00',360),(5,20180101,'2018-01-01 01:00:00',320),(6,20180101,'2018-01-01 00:00:00',100),(6,20180101,'2018-01-01 01:00:00',200),(7,20180101,'2018-01-01 00:00:00',250),(7,20180101,'2018-01-01 01:00:00',320),(8,20180101,'2018-01-01 00:00:00',320),(8,20180101,'2018-01-01 01:00:00',210),(9,20180101,'2018-01-01 00:00:00',20),(9,20180101,'2018-01-01 01:00:00',45),(10,20180101,'2018-01-01 00:00:00',90),(10,20180101,'2018-01-01 01:00:00',10),(11,20180101,'2018-01-01 00:00:00',350),(11,20180101,'2018-01-01 01:00:00',200),(12,20180101,'2018-01-01 00:00:00',20),(12,20180101,'2018-01-01 01:00:00',80),(13,20180101,'2018-01-01 00:00:00',50),(13,20180101,'2018-01-01 01:00:00',40),(14,20180101,'2018-01-01 00:00:00',70),(14,20180101,'2018-01-01 01:00:00',60),(15,20180101,'2018-01-01 00:00:00',50),(15,20180101,'2018-01-01 01:00:00',45),(16,20180101,'2018-01-01 00:00:00',100),(16,20180101,'2018-01-01 01:00:00',60),(1,20180102,'2018-02-01 00:00:00',50),(1,20180102,'2018-02-01 01:00:00',40),(2,20180102,'2018-02-01 00:00:00',70),(2,20180102,'2018-02-01 01:00:00',60),(3,20180102,'2018-02-01 00:00:00',50),(3,20180102,'2018-02-01 01:00:00',45),(4,20180102,'2018-02-01 00:00:00',100),(4,20180102,'2018-02-01 01:00:00',60),(5,20180102,'2018-02-01 00:00:00',450),(5,20180102,'2018-02-01 01:00:00',100),(6,20180102,'2018-02-01 00:00:00',150),(6,20180102,'2018-02-01 01:00:00',170),(7,20180102,'2018-02-01 00:00:00',560),(7,20180102,'2018-02-01 01:00:00',730),(8,20180102,'2018-02-01 00:00:00',360),(8,20180102,'2018-02-01 01:00:00',320),(9,20180102,'2018-02-01 00:00:00',100),(9,20180102,'2018-02-01 01:00:00',200),(10,20180102,'2018-02-01 00:00:00',250),(10,20180102,'2018-02-01 01:00:00',320),(11,20180102,'2018-02-01 00:00:00',320),(11,20180102,'2018-02-01 01:00:00',210),(12,20180102,'2018-02-01 00:00:00',100),(12,20180102,'2018-02-01 01:00:00',60),(13,20180102,'2018-02-01 00:00:00',450),(13,20180102,'2018-02-01 01:00:00',100),(14,20180102,'2018-02-01 00:00:00',150),(14,20180102,'2018-02-01 01:00:00',170),(15,20180102,'2018-02-01 00:00:00',560),(15,20180102,'2018-02-01 01:00:00',730),(16,20180102,'2018-02-01 00:00:00',360),(16,20180102,'2018-02-01 01:00:00',320);
--INSERT INTO events_date (date_id,date,week_of_month,week_of_year,month_id,month_name,year) VALUES(20180101,2018-01-01,1,1,201801,'January',2018),(20180102,2018-02-01,1,1,201801,'January',2018),(20180103,2018-03-01,1,1,201801,'January',2018),(20180104,2018-04-01,1,1,201801,'January',2018),(20180105,2018-05-01,1,1,201801,'January',2018),(20180106,2018-06-01,1,1,201801,'January',2018),(20180107,2018-07-01,2,1,201801,'January',2018),(20180108,2018-08-01,2,2,201801,'January',2018),(20180109,2018-09-01,2,2,201801,'January',2018),(20180110,2018-10-01,2,2,201801,'January',2018),(20180111,2018-11-01,2,2,201801,'January',2018),(20180112,2018-12-01,2,2,201801,'January',2018),(20180113,2018-13-01,2,2,201801,'January',2018),(20180114,2018-14-01,3,2,201801,'January',2018),(20180115,2018-15-01,3,3,201801,'January',2018),(20180116,2018-16-01,3,3,201801,'January',2018),(20180117,2018-17-01,3,3,201801,'January',2018),(20180118,2018-18-01,3,3,201801,'January',2018),(20180119,2018-19-01,3,3,201801,'January',2018),(20180120,2018-20-01,3,3,201801,'January',2018),(20180121,2018-21-01,4,3,201801,'January',2018),(20180122,2018-22-01,4,4,201801,'January',2018),(20180123,2018-23-01,4,4,201801,'January',2018),(20180124,2018-24-01,4,4,201801,'January',2018),(20180125,2018-25-01,4,4,201801,'January',2018),(20180126,2018-26-01,4,4,201801,'January',2018),(20180127,2018-27-01,4,4,201801,'January',2018),(20180128,2018-28-01,5,4,201801,'January',2018),(20180129,2018-29-01,5,5,201801,'January',2018),(20180130,2018-30-01,5,5,201801,'January',2018),(20180131,2018-31-01,5,5,201801,'January',2018),(20180201,2018-01-02,5,1,201802,'February',2018),(20180202,2018-02-02,5,1,201802,'February',2018),(20180203,2018-03-02,5,1,201802,'February',2018),(20180204,2018-04-02,6,1,201802,'February',2018),(20180205,2018-05-02,6,2,201802,'February',2018),(20180206,2018-06-02,6,2,201802,'February',2018),(20180207,2018-07-02,6,2,201802,'February',2018),(20180208,2018-08-02,6,2,201802,'February',2018),(20180209,2018-09-02,6,2,201802,'February',2018),(20180210,2018-10-02,6,2,201802,'February',2018),(20180211,2018-11-02,7,2,201802,'February',2018),(20180212,2018-12-02,7,3,201802,'February',2018),(20180213,2018-13-02,7,3,201802,'February',2018),(20180214,2018-14-02,7,3,201802,'February',2018),(20180215,2018-15-02,7,3,201802,'February',2018),(20180216,2018-16-02,7,3,201802,'February',2018),(20180217,2018-17-02,7,3,201802,'February',2018),(20180218,2018-18-02,8,3,201802,'February',2018),(20180219,2018-19-02,8,4,201802,'February',2018),(20180220,2018-20-02,8,4,201802,'February',2018),(20180221,2018-21-02,8,4,201802,'February',2018),(20180222,2018-22-02,8,4,201802,'February',2018),(20180223,2018-23-02,8,4,201802,'February',2018),(20180224,2018-24-02,8,4,201802,'February',2018),(20180225,2018-25-02,9,4,201802,'February',2018),(20180226,2018-26-02,9,5,201802,'February',2018),(20180227,2018-27-02,9,5,201802,'February',2018),(20180228,2018-28-02,9,5,201802,'February',2018),(20180301,2018-01-03,9,1,201803,'March',2018),(20180302,2018-02-03,9,1,201803,'March',2018),(20180303,2018-03-03,9,1,201803,'March',2018),(20180304,2018-04-03,10,1,201803,'March',2018),(20180305,2018-05-03,10,2,201803,'March',2018),(20180306,2018-06-03,10,2,201803,'March',2018),(20180307,2018-07-03,10,2,201803,'March',2018),(20180308,2018-08-03,10,2,201803,'March',2018),(20180309,2018-09-03,10,2,201803,'March',2018),(20180310,2018-10-03,10,2,201803,'March',2018),(20180311,2018-11-03,11,2,201803,'March',2018),(20180312,2018-12-03,11,3,201803,'March',2018),(20180313,2018-13-03,11,3,201803,'March',2018),(20180314,2018-14-03,11,3,201803,'March',2018),(20180315,2018-15-03,11,3,201803,'March',2018),(20180316,2018-16-03,11,3,201803,'March',2018),(20180317,2018-17-03,11,3,201803,'March',2018),(20180318,2018-18-03,12,3,201803,'March',2018),(20180319,2018-19-03,12,4,201803,'March',2018),(20180320,2018-20-03,12,4,201803,'March',2018),(20180321,2018-21-03,12,4,201803,'March',2018),(20180322,2018-22-03,12,4,201803,'March',2018),(20180323,2018-23-03,12,4,201803,'March',2018),(20180324,2018-24-03,12,4,201803,'March',2018),(20180325,2018-25-03,13,4,201803,'March',2018),(20180326,2018-26-03,13,5,201803,'March',2018),(20180327,2018-27-03,13,5,201803,'March',2018),(20180328,2018-28-03,13,5,201803,'March',2018),(20180329,2018-29-03,13,5,201803,'March',2018),(20180330,2018-30-03,13,5,201803,'March',2018),(20180331,2018-31-03,13,5,201803,'March',2018),(20180401,2018-01-04,14,1,201804,'April',2018),(20180402,2018-02-04,14,2,201804,'April',2018),(20180403,2018-03-04,14,2,201804,'April',2018),(20180404,2018-04-04,14,2,201804,'April',2018),(20180405,2018-05-04,14,2,201804,'April',2018),(20180406,2018-06-04,14,2,201804,'April',2018),(20180407,2018-07-04,14,2,201804,'April',2018),(20180408,2018-08-04,15,2,201804,'April',2018),(20180409,2018-09-04,15,3,201804,'April',2018),(20180410,2018-10-04,15,3,201804,'April',2018),(20180411,2018-11-04,15,3,201804,'April',2018),(20180412,2018-12-04,15,3,201804,'April',2018),(20180413,2018-13-04,15,3,201804,'April',2018),(20180414,2018-14-04,15,3,201804,'April',2018),(20180415,2018-15-04,16,3,201804,'April',2018),(20180416,2018-16-04,16,4,201804,'April',2018),(20180417,2018-17-04,16,4,201804,'April',2018),(20180418,2018-18-04,16,4,201804,'April',2018),(20180419,2018-19-04,16,4,201804,'April',2018),(20180420,2018-20-04,16,4,201804,'April',2018),(20180421,2018-21-04,16,4,201804,'April',2018),(20180422,2018-22-04,17,4,201804,'April',2018),(20180423,2018-23-04,17,5,201804,'April',2018),(20180424,2018-24-04,17,5,201804,'April',2018),(20180425,2018-25-04,17,5,201804,'April',2018),(20180426,2018-26-04,17,5,201804,'April',2018),(20180427,2018-27-04,17,5,201804,'April',2018),(20180428,2018-28-04,17,5,201804,'April',2018),(20180429,2018-29-04,18,5,201804,'April',2018),(20180430,2018-30-04,18,6,201804,'April',2018),(20180501,2018-01-05,18,1,201805,'May',2018),(20180502,2018-02-05,18,1,201805,'May',2018),(20180503,2018-03-05,18,1,201805,'May',2018),(20180504,2018-04-05,18,1,201805,'May',2018),(20180505,2018-05-05,18,1,201805,'May',2018),(20180506,2018-06-05,19,1,201805,'May',2018),(20180507,2018-07-05,19,2,201805,'May',2018),(20180508,2018-08-05,19,2,201805,'May',2018),(20180509,2018-09-05,19,2,201805,'May',2018),(20180510,2018-10-05,19,2,201805,'May',2018),(20180511,2018-11-05,19,2,201805,'May',2018),(20180512,2018-12-05,19,2,201805,'May',2018),(20180513,2018-13-05,20,2,201805,'May',2018),(20180514,2018-14-05,20,3,201805,'May',2018),(20180515,2018-15-05,20,3,201805,'May',2018),(20180516,2018-16-05,20,3,201805,'May',2018),(20180517,2018-17-05,20,3,201805,'May',2018),(20180518,2018-18-05,20,3,201805,'May',2018),(20180519,2018-19-05,20,3,201805,'May',2018),(20180520,2018-20-05,21,3,201805,'May',2018),(20180521,2018-21-05,21,4,201805,'May',2018),(20180522,2018-22-05,21,4,201805,'May',2018),(20180523,2018-23-05,21,4,201805,'May',2018),(20180524,2018-24-05,21,4,201805,'May',2018),(20180525,2018-25-05,21,4,201805,'May',2018),(20180526,2018-26-05,21,4,201805,'May',2018),(20180527,2018-27-05,22,4,201805,'May',2018),(20180528,2018-28-05,22,5,201805,'May',2018),(20180529,2018-29-05,22,5,201805,'May',2018),(20180530,2018-30-05,22,5,201805,'May',2018),(20180531,2018-31-05,22,5,201805,'May',2018),(20180601,2018-01-06,22,1,201806,'June',2018),(20180602,2018-02-06,22,1,201806,'June',2018),(20180603,2018-03-06,23,1,201806,'June',2018),(20180604,2018-04-06,23,2,201806,'June',2018),(20180605,2018-05-06,23,2,201806,'June',2018),(20180606,2018-06-06,23,2,201806,'June',2018),(20180607,2018-07-06,23,2,201806,'June',2018),(20180608,2018-08-06,23,2,201806,'June',2018),(20180609,2018-09-06,23,2,201806,'June',2018),(20180610,2018-10-06,24,2,201806,'June',2018),(20180611,2018-11-06,24,3,201806,'June',2018),(20180612,2018-12-06,24,3,201806,'June',2018),(20180613,2018-13-06,24,3,201806,'June',2018),(20180614,2018-14-06,24,3,201806,'June',2018),(20180615,2018-15-06,24,3,201806,'June',2018),(20180616,2018-16-06,24,3,201806,'June',2018),(20180617,2018-17-06,25,3,201806,'June',2018),(20180618,2018-18-06,25,4,201806,'June',2018),(20180619,2018-19-06,25,4,201806,'June',2018),(20180620,2018-20-06,25,4,201806,'June',2018),(20180621,2018-21-06,25,4,201806,'June',2018),(20180622,2018-22-06,25,4,201806,'June',2018),(20180623,2018-23-06,25,4,201806,'June',2018),(20180624,2018-24-06,26,4,201806,'June',2018),(20180625,2018-25-06,26,5,201806,'June',2018),(20180626,2018-26-06,26,5,201806,'June',2018),(20180627,2018-27-06,26,5,201806,'June',2018),(20180628,2018-28-06,26,5,201806,'June',2018),(20180629,2018-29-06,26,5,201806,'June',2018),(20180630,2018-30-06,26,5,201806,'June',2018),(20180701,2018-01-07,27,1,201807,'July',2018),(20180702,2018-02-07,27,2,201807,'July',2018),(20180703,2018-03-07,27,2,201807,'July',2018),(20180704,2018-04-07,27,2,201807,'July',2018),(20180705,2018-05-07,27,2,201807,'July',2018),(20180706,2018-06-07,27,2,201807,'July',2018),(20180707,2018-07-07,27,2,201807,'July',2018),(20180708,2018-08-07,28,2,201807,'July',2018),(20180709,2018-09-07,28,3,201807,'July',2018),(20180710,2018-10-07,28,3,201807,'July',2018),(20180711,2018-11-07,28,3,201807,'July',2018),(20180712,2018-12-07,28,3,201807,'July',2018),(20180713,2018-13-07,28,3,201807,'July',2018),(20180714,2018-14-07,28,3,201807,'July',2018),(20180715,2018-15-07,29,3,201807,'July',2018),(20180716,2018-16-07,29,4,201807,'July',2018),(20180717,2018-17-07,29,4,201807,'July',2018),(20180718,2018-18-07,29,4,201807,'July',2018),(20180719,2018-19-07,29,4,201807,'July',2018),(20180720,2018-20-07,29,4,201807,'July',2018),(20180721,2018-21-07,29,4,201807,'July',2018),(20180722,2018-22-07,30,4,201807,'July',2018),(20180723,2018-23-07,30,5,201807,'July',2018),(20180724,2018-24-07,30,5,201807,'July',2018),(20180725,2018-25-07,30,5,201807,'July',2018),(20180726,2018-26-07,30,5,201807,'July',2018),(20180727,2018-27-07,30,5,201807,'July',2018),(20180728,2018-28-07,30,5,201807,'July',2018),(20180729,2018-29-07,31,5,201807,'July',2018),(20180730,2018-30-07,31,6,201807,'July',2018),(20180731,2018-31-07,31,6,201807,'July',2018),(20180801,2018-01-08,31,1,201808,'August',2018),(20180802,2018-02-08,31,1,201808,'August',2018),(20180803,2018-03-08,31,1,201808,'August',2018),(20180804,2018-04-08,31,1,201808,'August',2018),(20180805,2018-05-08,32,1,201808,'August',2018),(20180806,2018-06-08,32,2,201808,'August',2018),(20180807,2018-07-08,32,2,201808,'August',2018),(20180808,2018-08-08,32,2,201808,'August',2018),(20180809,2018-09-08,32,2,201808,'August',2018),(20180810,2018-10-08,32,2,201808,'August',2018),(20180811,2018-11-08,32,2,201808,'August',2018),(20180812,2018-12-08,33,2,201808,'August',2018),(20180813,2018-13-08,33,3,201808,'August',2018),(20180814,2018-14-08,33,3,201808,'August',2018),(20180815,2018-15-08,33,3,201808,'August',2018),(20180816,2018-16-08,33,3,201808,'August',2018),(20180817,2018-17-08,33,3,201808,'August',2018),(20180818,2018-18-08,33,3,201808,'August',2018),(20180819,2018-19-08,34,3,201808,'August',2018),(20180820,2018-20-08,34,4,201808,'August',2018),(20180821,2018-21-08,34,4,201808,'August',2018),(20180822,2018-22-08,34,4,201808,'August',2018),(20180823,2018-23-08,34,4,201808,'August',2018),(20180824,2018-24-08,34,4,201808,'August',2018),(20180825,2018-25-08,34,4,201808,'August',2018),(20180826,2018-26-08,35,4,201808,'August',2018),(20180827,2018-27-08,35,5,201808,'August',2018),(20180828,2018-28-08,35,5,201808,'August',2018),(20180829,2018-29-08,35,5,201808,'August',2018),(20180830,2018-30-08,35,5,201808,'August',2018),(20180831,2018-31-08,35,5,201808,'August',2018),(20180901,2018-01-09,35,1,201809,'September',2018),(20180902,2018-02-09,36,1,201809,'September',2018),(20180903,2018-03-09,36,2,201809,'September',2018),(20180904,2018-04-09,36,2,201809,'September',2018),(20180905,2018-05-09,36,2,201809,'September',2018),(20180906,2018-06-09,36,2,201809,'September',2018),(20180907,2018-07-09,36,2,201809,'September',2018),(20180908,2018-08-09,36,2,201809,'September',2018),(20180909,2018-09-09,37,2,201809,'September',2018),(20180910,2018-10-09,37,3,201809,'September',2018),(20180911,2018-11-09,37,3,201809,'September',2018),(20180912,2018-12-09,37,3,201809,'September',2018),(20180913,2018-13-09,37,3,201809,'September',2018),(20180914,2018-14-09,37,3,201809,'September',2018),(20180915,2018-15-09,37,3,201809,'September',2018),(20180916,2018-16-09,38,3,201809,'September',2018),(20180917,2018-17-09,38,4,201809,'September',2018),(20180918,2018-18-09,38,4,201809,'September',2018),(20180919,2018-19-09,38,4,201809,'September',2018),(20180920,2018-20-09,38,4,201809,'September',2018),(20180921,2018-21-09,38,4,201809,'September',2018),(20180922,2018-22-09,38,4,201809,'September',2018),(20180923,2018-23-09,39,4,201809,'September',2018),(20180924,2018-24-09,39,5,201809,'September',2018),(20180925,2018-25-09,39,5,201809,'September',2018),(20180926,2018-26-09,39,5,201809,'September',2018),(20180927,2018-27-09,39,5,201809,'September',2018),(20180928,2018-28-09,39,5,201809,'September',2018),(20180929,2018-29-09,39,5,201809,'September',2018),(20180930,2018-30-09,40,5,201809,'September',2018),(20181001,2018-01-10,40,1,201810,'October',2018),(20181002,2018-02-10,40,1,201810,'October',2018),(20181003,2018-03-10,40,1,201810,'October',2018),(20181004,2018-04-10,40,1,201810,'October',2018),(20181005,2018-05-10,40,1,201810,'October',2018),(20181006,2018-06-10,40,1,201810,'October',2018),(20181007,2018-07-10,41,1,201810,'October',2018),(20181008,2018-08-10,41,2,201810,'October',2018),(20181009,2018-09-10,41,2,201810,'October',2018),(20181010,2018-10-10,41,2,201810,'October',2018),(20181011,2018-11-10,41,2,201810,'October',2018),(20181012,2018-12-10,41,2,201810,'October',2018),(20181013,2018-13-10,41,2,201810,'October',2018),(20181014,2018-14-10,42,2,201810,'October',2018),(20181015,2018-15-10,42,3,201810,'October',2018),(20181016,2018-16-10,42,3,201810,'October',2018),(20181017,2018-17-10,42,3,201810,'October',2018),(20181018,2018-18-10,42,3,201810,'October',2018),(20181019,2018-19-10,42,3,201810,'October',2018),(20181020,2018-20-10,42,3,201810,'October',2018),(20181021,2018-21-10,43,3,201810,'October',2018),(20181022,2018-22-10,43,4,201810,'October',2018),(20181023,2018-23-10,43,4,201810,'October',2018),(20181024,2018-24-10,43,4,201810,'October',2018),(20181025,2018-25-10,43,4,201810,'October',2018),(20181026,2018-26-10,43,4,201810,'October',2018),(20181027,2018-27-10,43,4,201810,'October',2018),(20181028,2018-28-10,44,4,201810,'October',2018),(20181029,2018-29-10,44,5,201810,'October',2018),(20181030,2018-30-10,44,5,201810,'October',2018),(20181031,2018-31-10,44,5,201810,'October',2018),(20181101,2018-01-11,44,1,201811,'November',2018),(20181102,2018-02-11,44,1,201811,'November',2018),(20181103,2018-03-11,44,1,201811,'November',2018),(20181104,2018-04-11,45,1,201811,'November',2018),(20181105,2018-05-11,45,2,201811,'November',2018),(20181106,2018-06-11,45,2,201811,'November',2018),(20181107,2018-07-11,45,2,201811,'November',2018),(20181108,2018-08-11,45,2,201811,'November',2018),(20181109,2018-09-11,45,2,201811,'November',2018),(20181110,2018-10-11,45,2,201811,'November',2018),(20181111,2018-11-11,46,2,201811,'November',2018),(20181112,2018-12-11,46,3,201811,'November',2018),(20181113,2018-13-11,46,3,201811,'November',2018),(20181114,2018-14-11,46,3,201811,'November',2018),(20181115,2018-15-11,46,3,201811,'November',2018),(20181116,2018-16-11,46,3,201811,'November',2018),(20181117,2018-17-11,46,3,201811,'November',2018),(20181118,2018-18-11,47,3,201811,'November',2018),(20181119,2018-19-11,47,4,201811,'November',2018),(20181120,2018-20-11,47,4,201811,'November',2018),(20181121,2018-21-11,47,4,201811,'November',2018),(20181122,2018-22-11,47,4,201811,'November',2018),(20181123,2018-23-11,47,4,201811,'November',2018),(20181124,2018-24-11,47,4,201811,'November',2018),(20181125,2018-25-11,48,4,201811,'November',2018),(20181126,2018-26-11,48,5,201811,'November',2018),(20181127,2018-27-11,48,5,201811,'November',2018),(20181128,2018-28-11,48,5,201811,'November',2018),(20181129,2018-29-11,48,5,201811,'November',2018),(20181130,2018-30-11,48,5,201811,'November',2018),(20181201,2018-01-12,48,1,201812,'December',2018),(20181202,2018-02-12,49,1,201812,'December',2018),(20181203,2018-03-12,49,2,201812,'December',2018),(20181204,2018-04-12,49,2,201812,'December',2018),(20181205,2018-05-12,49,2,201812,'December',2018),(20181206,2018-06-12,49,2,201812,'December',2018),(20181207,2018-07-12,49,2,201812,'December',2018),(20181208,2018-08-12,49,2,201812,'December',2018),(20181209,2018-09-12,50,2,201812,'December',2018),(20181210,2018-10-12,50,3,201812,'December',2018),(20181211,2018-11-12,50,3,201812,'December',2018),(20181212,2018-12-12,50,3,201812,'December',2018),(20181213,2018-13-12,50,3,201812,'December',2018),(20181214,2018-14-12,50,3,201812,'December',2018),(20181215,2018-15-12,50,3,201812,'December',2018),(20181216,2018-16-12,51,3,201812,'December',2018),(20181217,2018-17-12,51,4,201812,'December',2018),(20181218,2018-18-12,51,4,201812,'December',2018),(20181219,2018-19-12,51,4,201812,'December',2018),(20181220,2018-20-12,51,4,201812,'December',2018),(20181221,2018-21-12,51,4,201812,'December',2018),(20181222,2018-22-12,51,4,201812,'December',2018),(20181223,2018-23-12,52,4,201812,'December',2018),(20181224,2018-24-12,52,5,201812,'December',2018),(20181225,2018-25-12,52,5,201812,'December',2018),(20181226,2018-26-12,52,5,201812,'December',2018),(20181227,2018-27-12,52,5,201812,'December',2018),(20181228,2018-28-12,52,5,201812,'December',2018),(20181229,2018-29-12,52,5,201812,'December',2018),(20181230,2018-30-12,53,5,201812,'December',2018),(20181231,2018-31-12,53,6,201812,'December',2018);
--INSERT INTO events_date (date_id,date,week_of_month,week_of_year,month_id,month_name,year) VALUES(20180101,'2018-01-01',1,1,201801,'January',2018),(20180102,'2018-02-01',1,1,201801,'January',2018),(20180103,'2018-03-01',1,1,201801,'January',2018),(20180104,'2018-04-01',1,1,201801,'January',2018),(20180105,'2018-05-01',1,1,201801,'January',2018),(20180106,'2018-06-01',1,1,201801,'January',2018),(20180107,'2018-07-01',2,1,201801,'January',2018),(20180108,'2018-08-01',2,2,201801,'January',2018),(20180109,'2018-09-01',2,2,201801,'January',2018),(20180110,'2018-10-01',2,2,201801,'January',2018),(20180111,'2018-11-01',2,2,201801,'January',2018),(20180112,'2018-12-01',2,2,201801,'January',2018),(20180113,'2018-13-01',2,2,201801,'January',2018),(20180114,'2018-14-01',3,2,201801,'January',2018),(20180115,'2018-15-01',3,3,201801,'January',2018),(20180116,'2018-16-01',3,3,201801,'January',2018),(20180117,'2018-17-01',3,3,201801,'January',2018),(20180118,'2018-18-01',3,3,201801,'January',2018),(20180119,'2018-19-01',3,3,201801,'January',2018),(20180120,'2018-20-01',3,3,201801,'January',2018),(20180121,'2018-21-01',4,3,201801,'January',2018),(20180122,'2018-22-01',4,4,201801,'January',2018),(20180123,'2018-23-01',4,4,201801,'January',2018),(20180124,'2018-24-01',4,4,201801,'January',2018),(20180125,'2018-25-01',4,4,201801,'January',2018),(20180126,'2018-26-01',4,4,201801,'January',2018),(20180127,'2018-27-01',4,4,201801,'January',2018),(20180128,'2018-28-01',5,4,201801,'January',2018),(20180129,'2018-29-01',5,5,201801,'January',2018),(20180130,'2018-30-01',5,5,201801,'January',2018),(20180131,'2018-31-01',5,5,201801,'January',2018),(20180201,'2018-01-02',5,1,201802,'February',2018),(20180202,'2018-02-02',5,1,201802,'February',2018),(20180203,'2018-03-02',5,1,201802,'February',2018),(20180204,'2018-04-02',6,1,201802,'February',2018),(20180205,'2018-05-02',6,2,201802,'February',2018),(20180206,'2018-06-02',6,2,201802,'February',2018),(20180207,'2018-07-02',6,2,201802,'February',2018),(20180208,'2018-08-02',6,2,201802,'February',2018),(20180209,'2018-09-02',6,2,201802,'February',2018),(20180210,'2018-10-02',6,2,201802,'February',2018),(20180211,'2018-11-02',7,2,201802,'February',2018),(20180212,'2018-12-02',7,3,201802,'February',2018),(20180213,'2018-13-02',7,3,201802,'February',2018),(20180214,'2018-14-02',7,3,201802,'February',2018),(20180215,'2018-15-02',7,3,201802,'February',2018),(20180216,'2018-16-02',7,3,201802,'February',2018),(20180217,'2018-17-02',7,3,201802,'February',2018),(20180218,'2018-18-02',8,3,201802,'February',2018),(20180219,'2018-19-02',8,4,201802,'February',2018),(20180220,'2018-20-02',8,4,201802,'February',2018),(20180221,'2018-21-02',8,4,201802,'February',2018),(20180222,'2018-22-02',8,4,201802,'February',2018),(20180223,'2018-23-02',8,4,201802,'February',2018),(20180224,'2018-24-02',8,4,201802,'February',2018),(20180225,'2018-25-02',9,4,201802,'February',2018),(20180226,'2018-26-02',9,5,201802,'February',2018),(20180227,'2018-27-02',9,5,201802,'February',2018),(20180228,'2018-28-02',9,5,201802,'February',2018),(20180301,'2018-01-03',9,1,201803,'March',2018),(20180302,'2018-02-03',9,1,201803,'March',2018),(20180303,'2018-03-03',9,1,201803,'March',2018),(20180304,'2018-04-03',10,1,201803,'March',2018),(20180305,'2018-05-03',10,2,201803,'March',2018),(20180306,'2018-06-03',10,2,201803,'March',2018),(20180307,'2018-07-03',10,2,201803,'March',2018),(20180308,'2018-08-03',10,2,201803,'March',2018),(20180309,'2018-09-03',10,2,201803,'March',2018),(20180310,'2018-10-03',10,2,201803,'March',2018),(20180311,'2018-11-03',11,2,201803,'March',2018),(20180312,'2018-12-03',11,3,201803,'March',2018),(20180313,'2018-13-03',11,3,201803,'March',2018),(20180314,'2018-14-03',11,3,201803,'March',2018),(20180315,'2018-15-03',11,3,201803,'March',2018),(20180316,'2018-16-03',11,3,201803,'March',2018),(20180317,'2018-17-03',11,3,201803,'March',2018),(20180318,'2018-18-03',12,3,201803,'March',2018),(20180319,'2018-19-03',12,4,201803,'March',2018),(20180320,'2018-20-03',12,4,201803,'March',2018),(20180321,'2018-21-03',12,4,201803,'March',2018),(20180322,'2018-22-03',12,4,201803,'March',2018),(20180323,'2018-23-03',12,4,201803,'March',2018),(20180324,'2018-24-03',12,4,201803,'March',2018),(20180325,'2018-25-03',13,4,201803,'March',2018),(20180326,'2018-26-03',13,5,201803,'March',2018),(20180327,'2018-27-03',13,5,201803,'March',2018),(20180328,'2018-28-03',13,5,201803,'March',2018),(20180329,'2018-29-03',13,5,201803,'March',2018),(20180330,'2018-30-03',13,5,201803,'March',2018),(20180331,'2018-31-03',13,5,201803,'March',2018),(20180401,'2018-01-04',14,1,201804,'April',2018),(20180402,'2018-02-04',14,2,201804,'April',2018),(20180403,'2018-03-04',14,2,201804,'April',2018),(20180404,'2018-04-04',14,2,201804,'April',2018),(20180405,'2018-05-04',14,2,201804,'April',2018),(20180406,'2018-06-04',14,2,201804,'April',2018),(20180407,'2018-07-04',14,2,201804,'April',2018),(20180408,'2018-08-04',15,2,201804,'April',2018),(20180409,'2018-09-04',15,3,201804,'April',2018),(20180410,'2018-10-04',15,3,201804,'April',2018),(20180411,'2018-11-04',15,3,201804,'April',2018),(20180412,'2018-12-04',15,3,201804,'April',2018),(20180413,'2018-13-04',15,3,201804,'April',2018),(20180414,'2018-14-04',15,3,201804,'April',2018),(20180415,'2018-15-04',16,3,201804,'April',2018),(20180416,'2018-16-04',16,4,201804,'April',2018),(20180417,'2018-17-04',16,4,201804,'April',2018),(20180418,'2018-18-04',16,4,201804,'April',2018),(20180419,'2018-19-04',16,4,201804,'April',2018),(20180420,'2018-20-04',16,4,201804,'April',2018),(20180421,'2018-21-04',16,4,201804,'April',2018),(20180422,'2018-22-04',17,4,201804,'April',2018),(20180423,'2018-23-04',17,5,201804,'April',2018),(20180424,'2018-24-04',17,5,201804,'April',2018),(20180425,'2018-25-04',17,5,201804,'April',2018),(20180426,'2018-26-04',17,5,201804,'April',2018),(20180427,'2018-27-04',17,5,201804,'April',2018),(20180428,'2018-28-04',17,5,201804,'April',2018),(20180429,'2018-29-04',18,5,201804,'April',2018),(20180430,'2018-30-04',18,6,201804,'April',2018),(20180501,'2018-01-05',18,1,201805,'May',2018),(20180502,'2018-02-05',18,1,201805,'May',2018),(20180503,'2018-03-05',18,1,201805,'May',2018),(20180504,'2018-04-05',18,1,201805,'May',2018),(20180505,'2018-05-05',18,1,201805,'May',2018),(20180506,'2018-06-05',19,1,201805,'May',2018),(20180507,'2018-07-05',19,2,201805,'May',2018),(20180508,'2018-08-05',19,2,201805,'May',2018),(20180509,'2018-09-05',19,2,201805,'May',2018),(20180510,'2018-10-05',19,2,201805,'May',2018),(20180511,'2018-11-05',19,2,201805,'May',2018),(20180512,'2018-12-05',19,2,201805,'May',2018),(20180513,'2018-13-05',20,2,201805,'May',2018),(20180514,'2018-14-05',20,3,201805,'May',2018),(20180515,'2018-15-05',20,3,201805,'May',2018),(20180516,'2018-16-05',20,3,201805,'May',2018),(20180517,'2018-17-05',20,3,201805,'May',2018),(20180518,'2018-18-05',20,3,201805,'May',2018),(20180519,'2018-19-05',20,3,201805,'May',2018),(20180520,'2018-20-05',21,3,201805,'May',2018),(20180521,'2018-21-05',21,4,201805,'May',2018),(20180522,'2018-22-05',21,4,201805,'May',2018),(20180523,'2018-23-05',21,4,201805,'May',2018),(20180524,'2018-24-05',21,4,201805,'May',2018),(20180525,'2018-25-05',21,4,201805,'May',2018),(20180526,'2018-26-05',21,4,201805,'May',2018),(20180527,'2018-27-05',22,4,201805,'May',2018),(20180528,'2018-28-05',22,5,201805,'May',2018),(20180529,'2018-29-05',22,5,201805,'May',2018),(20180530,'2018-30-05',22,5,201805,'May',2018),(20180531,'2018-31-05',22,5,201805,'May',2018),(20180601,'2018-01-06',22,1,201806,'June',2018),(20180602,'2018-02-06',22,1,201806,'June',2018),(20180603,'2018-03-06',23,1,201806,'June',2018),(20180604,'2018-04-06',23,2,201806,'June',2018),(20180605,'2018-05-06',23,2,201806,'June',2018),(20180606,'2018-06-06',23,2,201806,'June',2018),(20180607,'2018-07-06',23,2,201806,'June',2018),(20180608,'2018-08-06',23,2,201806,'June',2018),(20180609,'2018-09-06',23,2,201806,'June',2018),(20180610,'2018-10-06',24,2,201806,'June',2018),(20180611,'2018-11-06',24,3,201806,'June',2018),(20180612,'2018-12-06',24,3,201806,'June',2018),(20180613,'2018-13-06',24,3,201806,'June',2018),(20180614,'2018-14-06',24,3,201806,'June',2018),(20180615,'2018-15-06',24,3,201806,'June',2018),(20180616,'2018-16-06',24,3,201806,'June',2018),(20180617,'2018-17-06',25,3,201806,'June',2018),(20180618,'2018-18-06',25,4,201806,'June',2018),(20180619,'2018-19-06',25,4,201806,'June',2018),(20180620,'2018-20-06',25,4,201806,'June',2018),(20180621,'2018-21-06',25,4,201806,'June',2018),(20180622,'2018-22-06',25,4,201806,'June',2018),(20180623,'2018-23-06',25,4,201806,'June',2018),(20180624,'2018-24-06',26,4,201806,'June',2018),(20180625,'2018-25-06',26,5,201806,'June',2018),(20180626,'2018-26-06',26,5,201806,'June',2018),(20180627,'2018-27-06',26,5,201806,'June',2018),(20180628,'2018-28-06',26,5,201806,'June',2018),(20180629,'2018-29-06',26,5,201806,'June',2018),(20180630,'2018-30-06',26,5,201806,'June',2018),(20180701,'2018-01-07',27,1,201807,'July',2018),(20180702,'2018-02-07',27,2,201807,'July',2018),(20180703,'2018-03-07',27,2,201807,'July',2018),(20180704,'2018-04-07',27,2,201807,'July',2018),(20180705,'2018-05-07',27,2,201807,'July',2018),(20180706,'2018-06-07',27,2,201807,'July',2018),(20180707,'2018-07-07',27,2,201807,'July',2018),(20180708,'2018-08-07',28,2,201807,'July',2018),(20180709,'2018-09-07',28,3,201807,'July',2018),(20180710,'2018-10-07',28,3,201807,'July',2018),(20180711,'2018-11-07',28,3,201807,'July',2018),(20180712,'2018-12-07',28,3,201807,'July',2018),(20180713,'2018-13-07',28,3,201807,'July',2018),(20180714,'2018-14-07',28,3,201807,'July',2018),(20180715,'2018-15-07',29,3,201807,'July',2018),(20180716,'2018-16-07',29,4,201807,'July',2018),(20180717,'2018-17-07',29,4,201807,'July',2018),(20180718,'2018-18-07',29,4,201807,'July',2018),(20180719,'2018-19-07',29,4,201807,'July',2018),(20180720,'2018-20-07',29,4,201807,'July',2018),(20180721,'2018-21-07',29,4,201807,'July',2018),(20180722,'2018-22-07',30,4,201807,'July',2018),(20180723,'2018-23-07',30,5,201807,'July',2018),(20180724,'2018-24-07',30,5,201807,'July',2018),(20180725,'2018-25-07',30,5,201807,'July',2018),(20180726,'2018-26-07',30,5,201807,'July',2018),(20180727,'2018-27-07',30,5,201807,'July',2018),(20180728,'2018-28-07',30,5,201807,'July',2018),(20180729,'2018-29-07',31,5,201807,'July',2018),(20180730,'2018-30-07',31,6,201807,'July',2018),(20180731,'2018-31-07',31,6,201807,'July',2018),(20180801,'2018-01-08',31,1,201808,'August',2018),(20180802,'2018-02-08',31,1,201808,'August',2018),(20180803,'2018-03-08',31,1,201808,'August',2018),(20180804,'2018-04-08',31,1,201808,'August',2018),(20180805,'2018-05-08',32,1,201808,'August',2018),(20180806,'2018-06-08',32,2,201808,'August',2018),(20180807,'2018-07-08',32,2,201808,'August',2018),(20180808,'2018-08-08',32,2,201808,'August',2018),(20180809,'2018-09-08',32,2,201808,'August',2018),(20180810,'2018-10-08',32,2,201808,'August',2018),(20180811,'2018-11-08',32,2,201808,'August',2018),(20180812,'2018-12-08',33,2,201808,'August',2018),(20180813,'2018-13-08',33,3,201808,'August',2018),(20180814,'2018-14-08',33,3,201808,'August',2018),(20180815,'2018-15-08',33,3,201808,'August',2018),(20180816,'2018-16-08',33,3,201808,'August',2018),(20180817,'2018-17-08',33,3,201808,'August',2018),(20180818,'2018-18-08',33,3,201808,'August',2018),(20180819,'2018-19-08',34,3,201808,'August',2018),(20180820,'2018-20-08',34,4,201808,'August',2018),(20180821,'2018-21-08',34,4,201808,'August',2018),(20180822,'2018-22-08',34,4,201808,'August',2018),(20180823,'2018-23-08',34,4,201808,'August',2018),(20180824,'2018-24-08',34,4,201808,'August',2018),(20180825,'2018-25-08',34,4,201808,'August',2018),(20180826,'2018-26-08',35,4,201808,'August',2018),(20180827,'2018-27-08',35,5,201808,'August',2018),(20180828,'2018-28-08',35,5,201808,'August',2018),(20180829,'2018-29-08',35,5,201808,'August',2018),(20180830,'2018-30-08',35,5,201808,'August',2018),(20180831,'2018-31-08',35,5,201808,'August',2018),(20180901,'2018-01-09',35,1,201809,'September',2018),(20180902,'2018-02-09',36,1,201809,'September',2018),(20180903,'2018-03-09',36,2,201809,'September',2018),(20180904,'2018-04-09',36,2,201809,'September',2018),(20180905,'2018-05-09',36,2,201809,'September',2018),(20180906,'2018-06-09',36,2,201809,'September',2018),(20180907,'2018-07-09',36,2,201809,'September',2018),(20180908,'2018-08-09',36,2,201809,'September',2018),(20180909,'2018-09-09',37,2,201809,'September',2018),(20180910,'2018-10-09',37,3,201809,'September',2018),(20180911,'2018-11-09',37,3,201809,'September',2018),(20180912,'2018-12-09',37,3,201809,'September',2018),(20180913,'2018-13-09',37,3,201809,'September',2018),(20180914,'2018-14-09',37,3,201809,'September',2018),(20180915,'2018-15-09',37,3,201809,'September',2018),(20180916,'2018-16-09',38,3,201809,'September',2018),(20180917,'2018-17-09',38,4,201809,'September',2018),(20180918,'2018-18-09',38,4,201809,'September',2018),(20180919,'2018-19-09',38,4,201809,'September',2018),(20180920,'2018-20-09',38,4,201809,'September',2018),(20180921,'2018-21-09',38,4,201809,'September',2018),(20180922,'2018-22-09',38,4,201809,'September',2018),(20180923,'2018-23-09',39,4,201809,'September',2018),(20180924,'2018-24-09',39,5,201809,'September',2018),(20180925,'2018-25-09',39,5,201809,'September',2018),(20180926,'2018-26-09',39,5,201809,'September',2018),(20180927,'2018-27-09',39,5,201809,'September',2018),(20180928,'2018-28-09',39,5,201809,'September',2018),(20180929,'2018-29-09',39,5,201809,'September',2018),(20180930,'2018-30-09',40,5,201809,'September',2018),(20181001,'2018-01-10',40,1,201810,'October',2018),(20181002,'2018-02-10',40,1,201810,'October',2018),(20181003,'2018-03-10',40,1,201810,'October',2018),(20181004,'2018-04-10',40,1,201810,'October',2018),(20181005,'2018-05-10',40,1,201810,'October',2018),(20181006,'2018-06-10',40,1,201810,'October',2018),(20181007,'2018-07-10',41,1,201810,'October',2018),(20181008,'2018-08-10',41,2,201810,'October',2018),(20181009,'2018-09-10',41,2,201810,'October',2018),(20181010,'2018-10-10',41,2,201810,'October',2018),(20181011,'2018-11-10',41,2,201810,'October',2018),(20181012,'2018-12-10',41,2,201810,'October',2018),(20181013,'2018-13-10',41,2,201810,'October',2018),(20181014,'2018-14-10',42,2,201810,'October',2018),(20181015,'2018-15-10',42,3,201810,'October',2018),(20181016,'2018-16-10',42,3,201810,'October',2018),(20181017,'2018-17-10',42,3,201810,'October',2018),(20181018,'2018-18-10',42,3,201810,'October',2018),(20181019,'2018-19-10',42,3,201810,'October',2018),(20181020,'2018-20-10',42,3,201810,'October',2018),(20181021,'2018-21-10',43,3,201810,'October',2018),(20181022,'2018-22-10',43,4,201810,'October',2018),(20181023,'2018-23-10',43,4,201810,'October',2018),(20181024,'2018-24-10',43,4,201810,'October',2018),(20181025,'2018-25-10',43,4,201810,'October',2018),(20181026,'2018-26-10',43,4,201810,'October',2018),(20181027,'2018-27-10',43,4,201810,'October',2018),(20181028,'2018-28-10',44,4,201810,'October',2018),(20181029,'2018-29-10',44,5,201810,'October',2018),(20181030,'2018-30-10',44,5,201810,'October',2018),(20181031,'2018-31-10',44,5,201810,'October',2018),(20181101,'2018-01-11',44,1,201811,'November',2018),(20181102,'2018-02-11',44,1,201811,'November',2018),(20181103,'2018-03-11',44,1,201811,'November',2018),(20181104,'2018-04-11',45,1,201811,'November',2018),(20181105,'2018-05-11',45,2,201811,'November',2018),(20181106,'2018-06-11',45,2,201811,'November',2018),(20181107,'2018-07-11',45,2,201811,'November',2018),(20181108,'2018-08-11',45,2,201811,'November',2018),(20181109,'2018-09-11',45,2,201811,'November',2018),(20181110,'2018-10-11',45,2,201811,'November',2018),(20181111,'2018-11-11',46,2,201811,'November',2018),(20181112,'2018-12-11',46,3,201811,'November',2018),(20181113,'2018-13-11',46,3,201811,'November',2018),(20181114,'2018-14-11',46,3,201811,'November',2018),(20181115,'2018-15-11',46,3,201811,'November',2018),(20181116,'2018-16-11',46,3,201811,'November',2018),(20181117,'2018-17-11',46,3,201811,'November',2018),(20181118,'2018-18-11',47,3,201811,'November',2018),(20181119,'2018-19-11',47,4,201811,'November',2018),(20181120,'2018-20-11',47,4,201811,'November',2018),(20181121,'2018-21-11',47,4,201811,'November',2018),(20181122,'2018-22-11',47,4,201811,'November',2018),(20181123,'2018-23-11',47,4,201811,'November',2018),(20181124,'2018-24-11',47,4,201811,'November',2018),(20181125,'2018-25-11',48,4,201811,'November',2018),(20181126,'2018-26-11',48,5,201811,'November',2018),(20181127,'2018-27-11',48,5,201811,'November',2018),(20181128,'2018-28-11',48,5,201811,'November',2018),(20181129,'2018-29-11',48,5,201811,'November',2018),(20181130,'2018-30-11',48,5,201811,'November',2018),(20181201,'2018-01-12',48,1,201812,'December',2018),(20181202,'2018-02-12',49,1,201812,'December',2018),(20181203,'2018-03-12',49,2,201812,'December',2018),(20181204,'2018-04-12',49,2,201812,'December',2018),(20181205,'2018-05-12',49,2,201812,'December',2018),(20181206,'2018-06-12',49,2,201812,'December',2018),(20181207,'2018-07-12',49,2,201812,'December',2018),(20181208,'2018-08-12',49,2,201812,'December',2018),(20181209,'2018-09-12',50,2,201812,'December',2018),(20181210,'2018-10-12',50,3,201812,'December',2018),(20181211,'2018-11-12',50,3,201812,'December',2018),(20181212,'2018-12-12',50,3,201812,'December',2018),(20181213,'2018-13-12',50,3,201812,'December',2018),(20181214,'2018-14-12',50,3,201812,'December',2018),(20181215,'2018-15-12',50,3,201812,'December',2018),(20181216,'2018-16-12',51,3,201812,'December',2018),(20181217,'2018-17-12',51,4,201812,'December',2018),(20181218,'2018-18-12',51,4,201812,'December',2018),(20181219,'2018-19-12',51,4,201812,'December',2018),(20181220,'2018-20-12',51,4,201812,'December',2018),(20181221,'2018-21-12',51,4,201812,'December',2018),(20181222,'2018-22-12',51,4,201812,'December',2018),(20181223,'2018-23-12',52,4,201812,'December',2018),(20181224,'2018-24-12',52,5,201812,'December',2018),(20181225,'2018-25-12',52,5,201812,'December',2018),(20181226,'2018-26-12',52,5,201812,'December',2018),(20181227,'2018-27-12',52,5,201812,'December',2018),(20181228,'2018-28-12',52,5,201812,'December',2018),(20181229,'2018-29-12',52,5,201812,'December',2018),(20181230,'2018-30-12',53,5,201812,'December',2018),(20181231,'2018-31-12',53,6,201812,'December',2018);
INSERT INTO events_date (date_id,date,week_of_month,week_of_year,month_id,month_name,year) VALUES(20180101,'2018-01-01',1,1,201801,'January',2018),(20180102,'2018-01-02',1,1,201801,'January',2018),(20180103,'2018-01-03',1,1,201801,'January',2018),(20180104,'2018-01-04',1,1,201801,'January',2018),(20180105,'2018-01-05',1,1,201801,'January',2018),(20180106,'2018-01-06',1,1,201801,'January',2018),(20180107,'2018-01-07',2,1,201801,'January',2018),(20180108,'2018-01-08',2,2,201801,'January',2018),(20180109,'2018-01-09',2,2,201801,'January',2018),(20180110,'2018-01-10',2,2,201801,'January',2018),(20180111,'2018-01-11',2,2,201801,'January',2018),(20180112,'2018-01-12',2,2,201801,'January',2018),(20180113,'2018-01-13',2,2,201801,'January',2018),(20180114,'2018-01-14',3,2,201801,'January',2018),(20180115,'2018-01-15',3,3,201801,'January',2018),(20180116,'2018-01-16',3,3,201801,'January',2018),(20180117,'2018-01-17',3,3,201801,'January',2018),(20180118,'2018-01-18',3,3,201801,'January',2018),(20180119,'2018-01-19',3,3,201801,'January',2018),(20180120,'2018-01-20',3,3,201801,'January',2018),(20180121,'2018-01-21',4,3,201801,'January',2018),(20180122,'2018-01-22',4,4,201801,'January',2018),(20180123,'2018-01-23',4,4,201801,'January',2018),(20180124,'2018-01-24',4,4,201801,'January',2018),(20180125,'2018-01-25',4,4,201801,'January',2018),(20180126,'2018-01-26',4,4,201801,'January',2018),(20180127,'2018-01-27',4,4,201801,'January',2018),(20180128,'2018-01-28',5,4,201801,'January',2018),(20180129,'2018-01-29',5,5,201801,'January',2018),(20180130,'2018-01-30',5,5,201801,'January',2018),(20180131,'2018-01-31',5,5,201801,'January',2018),(20180201,'2018-02-01',5,1,201802,'February',2018),(20180202,'2018-02-02',5,1,201802,'February',2018),(20180203,'2018-02-03',5,1,201802,'February',2018),(20180204,'2018-02-04',6,1,201802,'February',2018),(20180205,'2018-02-05',6,2,201802,'February',2018),(20180206,'2018-02-06',6,2,201802,'February',2018),(20180207,'2018-02-07',6,2,201802,'February',2018),(20180208,'2018-02-08',6,2,201802,'February',2018),(20180209,'2018-02-09',6,2,201802,'February',2018),(20180210,'2018-02-10',6,2,201802,'February',2018),(20180211,'2018-02-11',7,2,201802,'February',2018),(20180212,'2018-02-12',7,3,201802,'February',2018),(20180213,'2018-02-13',7,3,201802,'February',2018),(20180214,'2018-02-14',7,3,201802,'February',2018),(20180215,'2018-02-15',7,3,201802,'February',2018),(20180216,'2018-02-16',7,3,201802,'February',2018),(20180217,'2018-02-17',7,3,201802,'February',2018),(20180218,'2018-02-18',8,3,201802,'February',2018),(20180219,'2018-02-19',8,4,201802,'February',2018),(20180220,'2018-02-20',8,4,201802,'February',2018),(20180221,'2018-02-21',8,4,201802,'February',2018),(20180222,'2018-02-22',8,4,201802,'February',2018),(20180223,'2018-02-23',8,4,201802,'February',2018),(20180224,'2018-02-24',8,4,201802,'February',2018),(20180225,'2018-02-25',9,4,201802,'February',2018),(20180226,'2018-02-26',9,5,201802,'February',2018),(20180227,'2018-02-27',9,5,201802,'February',2018),(20180228,'2018-02-28',9,5,201802,'February',2018),(20180301,'2018-03-01',9,1,201803,'March',2018),(20180302,'2018-03-02',9,1,201803,'March',2018),(20180303,'2018-03-03',9,1,201803,'March',2018),(20180304,'2018-03-04',10,1,201803,'March',2018),(20180305,'2018-03-05',10,2,201803,'March',2018),(20180306,'2018-03-06',10,2,201803,'March',2018),(20180307,'2018-03-07',10,2,201803,'March',2018),(20180308,'2018-03-08',10,2,201803,'March',2018),(20180309,'2018-03-09',10,2,201803,'March',2018),(20180310,'2018-03-10',10,2,201803,'March',2018),(20180311,'2018-03-11',11,2,201803,'March',2018),(20180312,'2018-03-12',11,3,201803,'March',2018),(20180313,'2018-03-13',11,3,201803,'March',2018),(20180314,'2018-03-14',11,3,201803,'March',2018),(20180315,'2018-03-15',11,3,201803,'March',2018),(20180316,'2018-03-16',11,3,201803,'March',2018),(20180317,'2018-03-17',11,3,201803,'March',2018),(20180318,'2018-03-18',12,3,201803,'March',2018),(20180319,'2018-03-19',12,4,201803,'March',2018),(20180320,'2018-03-20',12,4,201803,'March',2018),(20180321,'2018-03-21',12,4,201803,'March',2018),(20180322,'2018-03-22',12,4,201803,'March',2018),(20180323,'2018-03-23',12,4,201803,'March',2018),(20180324,'2018-03-24',12,4,201803,'March',2018),(20180325,'2018-03-25',13,4,201803,'March',2018),(20180326,'2018-03-26',13,5,201803,'March',2018),(20180327,'2018-03-27',13,5,201803,'March',2018),(20180328,'2018-03-28',13,5,201803,'March',2018),(20180329,'2018-03-29',13,5,201803,'March',2018),(20180330,'2018-03-30',13,5,201803,'March',2018),(20180331,'2018-03-31',13,5,201803,'March',2018),(20180401,'2018-04-01',14,1,201804,'April',2018),(20180402,'2018-04-02',14,2,201804,'April',2018),(20180403,'2018-04-03',14,2,201804,'April',2018),(20180404,'2018-04-04',14,2,201804,'April',2018),(20180405,'2018-04-05',14,2,201804,'April',2018),(20180406,'2018-04-06',14,2,201804,'April',2018),(20180407,'2018-04-07',14,2,201804,'April',2018),(20180408,'2018-04-08',15,2,201804,'April',2018),(20180409,'2018-04-09',15,3,201804,'April',2018),(20180410,'2018-04-10',15,3,201804,'April',2018),(20180411,'2018-04-11',15,3,201804,'April',2018),(20180412,'2018-04-12',15,3,201804,'April',2018),(20180413,'2018-04-13',15,3,201804,'April',2018),(20180414,'2018-04-14',15,3,201804,'April',2018),(20180415,'2018-04-15',16,3,201804,'April',2018),(20180416,'2018-04-16',16,4,201804,'April',2018),(20180417,'2018-04-17',16,4,201804,'April',2018),(20180418,'2018-04-18',16,4,201804,'April',2018),(20180419,'2018-04-19',16,4,201804,'April',2018),(20180420,'2018-04-20',16,4,201804,'April',2018),(20180421,'2018-04-21',16,4,201804,'April',2018),(20180422,'2018-04-22',17,4,201804,'April',2018),(20180423,'2018-04-23',17,5,201804,'April',2018),(20180424,'2018-04-24',17,5,201804,'April',2018),(20180425,'2018-04-25',17,5,201804,'April',2018),(20180426,'2018-04-26',17,5,201804,'April',2018),(20180427,'2018-04-27',17,5,201804,'April',2018),(20180428,'2018-04-28',17,5,201804,'April',2018),(20180429,'2018-04-29',18,5,201804,'April',2018),(20180430,'2018-04-30',18,6,201804,'April',2018),(20180501,'2018-05-01',18,1,201805,'May',2018),(20180502,'2018-05-02',18,1,201805,'May',2018),(20180503,'2018-05-03',18,1,201805,'May',2018),(20180504,'2018-05-04',18,1,201805,'May',2018),(20180505,'2018-05-05',18,1,201805,'May',2018),(20180506,'2018-05-06',19,1,201805,'May',2018),(20180507,'2018-05-07',19,2,201805,'May',2018),(20180508,'2018-05-08',19,2,201805,'May',2018),(20180509,'2018-05-09',19,2,201805,'May',2018),(20180510,'2018-05-10',19,2,201805,'May',2018),(20180511,'2018-05-11',19,2,201805,'May',2018),(20180512,'2018-05-12',19,2,201805,'May',2018),(20180513,'2018-05-13',20,2,201805,'May',2018),(20180514,'2018-05-14',20,3,201805,'May',2018),(20180515,'2018-05-15',20,3,201805,'May',2018),(20180516,'2018-05-16',20,3,201805,'May',2018),(20180517,'2018-05-17',20,3,201805,'May',2018),(20180518,'2018-05-18',20,3,201805,'May',2018),(20180519,'2018-05-19',20,3,201805,'May',2018),(20180520,'2018-05-20',21,3,201805,'May',2018),(20180521,'2018-05-21',21,4,201805,'May',2018),(20180522,'2018-05-22',21,4,201805,'May',2018),(20180523,'2018-05-23',21,4,201805,'May',2018),(20180524,'2018-05-24',21,4,201805,'May',2018),(20180525,'2018-05-25',21,4,201805,'May',2018),(20180526,'2018-05-26',21,4,201805,'May',2018),(20180527,'2018-05-27',22,4,201805,'May',2018),(20180528,'2018-05-28',22,5,201805,'May',2018),(20180529,'2018-05-29',22,5,201805,'May',2018),(20180530,'2018-05-30',22,5,201805,'May',2018),(20180531,'2018-05-31',22,5,201805,'May',2018),(20180601,'2018-06-01',22,1,201806,'June',2018),(20180602,'2018-06-02',22,1,201806,'June',2018),(20180603,'2018-06-03',23,1,201806,'June',2018),(20180604,'2018-06-04',23,2,201806,'June',2018),(20180605,'2018-06-05',23,2,201806,'June',2018),(20180606,'2018-06-06',23,2,201806,'June',2018),(20180607,'2018-06-07',23,2,201806,'June',2018),(20180608,'2018-06-08',23,2,201806,'June',2018),(20180609,'2018-06-09',23,2,201806,'June',2018),(20180610,'2018-06-10',24,2,201806,'June',2018),(20180611,'2018-06-11',24,3,201806,'June',2018),(20180612,'2018-06-12',24,3,201806,'June',2018),(20180613,'2018-06-13',24,3,201806,'June',2018),(20180614,'2018-06-14',24,3,201806,'June',2018),(20180615,'2018-06-15',24,3,201806,'June',2018),(20180616,'2018-06-16',24,3,201806,'June',2018),(20180617,'2018-06-17',25,3,201806,'June',2018),(20180618,'2018-06-18',25,4,201806,'June',2018),(20180619,'2018-06-19',25,4,201806,'June',2018),(20180620,'2018-06-20',25,4,201806,'June',2018),(20180621,'2018-06-21',25,4,201806,'June',2018),(20180622,'2018-06-22',25,4,201806,'June',2018),(20180623,'2018-06-23',25,4,201806,'June',2018),(20180624,'2018-06-24',26,4,201806,'June',2018),(20180625,'2018-06-25',26,5,201806,'June',2018),(20180626,'2018-06-26',26,5,201806,'June',2018),(20180627,'2018-06-27',26,5,201806,'June',2018),(20180628,'2018-06-28',26,5,201806,'June',2018),(20180629,'2018-06-29',26,5,201806,'June',2018),(20180630,'2018-06-30',26,5,201806,'June',2018),(20180701,'2018-07-01',27,1,201807,'July',2018),(20180702,'2018-07-02',27,2,201807,'July',2018),(20180703,'2018-07-03',27,2,201807,'July',2018),(20180704,'2018-07-04',27,2,201807,'July',2018),(20180705,'2018-07-05',27,2,201807,'July',2018),(20180706,'2018-07-06',27,2,201807,'July',2018),(20180707,'2018-07-07',27,2,201807,'July',2018),(20180708,'2018-07-08',28,2,201807,'July',2018),(20180709,'2018-07-09',28,3,201807,'July',2018),(20180710,'2018-07-10',28,3,201807,'July',2018),(20180711,'2018-07-11',28,3,201807,'July',2018),(20180712,'2018-07-12',28,3,201807,'July',2018),(20180713,'2018-07-13',28,3,201807,'July',2018),(20180714,'2018-07-14',28,3,201807,'July',2018),(20180715,'2018-07-15',29,3,201807,'July',2018),(20180716,'2018-07-16',29,4,201807,'July',2018),(20180717,'2018-07-17',29,4,201807,'July',2018),(20180718,'2018-07-18',29,4,201807,'July',2018),(20180719,'2018-07-19',29,4,201807,'July',2018),(20180720,'2018-07-20',29,4,201807,'July',2018),(20180721,'2018-07-21',29,4,201807,'July',2018),(20180722,'2018-07-22',30,4,201807,'July',2018),(20180723,'2018-07-23',30,5,201807,'July',2018),(20180724,'2018-07-24',30,5,201807,'July',2018),(20180725,'2018-07-25',30,5,201807,'July',2018),(20180726,'2018-07-26',30,5,201807,'July',2018),(20180727,'2018-07-27',30,5,201807,'July',2018),(20180728,'2018-07-28',30,5,201807,'July',2018),(20180729,'2018-07-29',31,5,201807,'July',2018),(20180730,'2018-07-30',31,6,201807,'July',2018),(20180731,'2018-07-31',31,6,201807,'July',2018),(20180801,'2018-08-01',31,1,201808,'August',2018),(20180802,'2018-08-02',31,1,201808,'August',2018),(20180803,'2018-08-03',31,1,201808,'August',2018),(20180804,'2018-08-04',31,1,201808,'August',2018),(20180805,'2018-08-05',32,1,201808,'August',2018),(20180806,'2018-08-06',32,2,201808,'August',2018),(20180807,'2018-08-07',32,2,201808,'August',2018),(20180808,'2018-08-08',32,2,201808,'August',2018),(20180809,'2018-08-09',32,2,201808,'August',2018),(20180810,'2018-08-10',32,2,201808,'August',2018),(20180811,'2018-08-11',32,2,201808,'August',2018),(20180812,'2018-08-12',33,2,201808,'August',2018),(20180813,'2018-08-13',33,3,201808,'August',2018),(20180814,'2018-08-14',33,3,201808,'August',2018),(20180815,'2018-08-15',33,3,201808,'August',2018),(20180816,'2018-08-16',33,3,201808,'August',2018),(20180817,'2018-08-17',33,3,201808,'August',2018),(20180818,'2018-08-18',33,3,201808,'August',2018),(20180819,'2018-08-19',34,3,201808,'August',2018),(20180820,'2018-08-20',34,4,201808,'August',2018),(20180821,'2018-08-21',34,4,201808,'August',2018),(20180822,'2018-08-22',34,4,201808,'August',2018),(20180823,'2018-08-23',34,4,201808,'August',2018),(20180824,'2018-08-24',34,4,201808,'August',2018),(20180825,'2018-08-25',34,4,201808,'August',2018),(20180826,'2018-08-26',35,4,201808,'August',2018),(20180827,'2018-08-27',35,5,201808,'August',2018),(20180828,'2018-08-28',35,5,201808,'August',2018),(20180829,'2018-08-29',35,5,201808,'August',2018),(20180830,'2018-08-30',35,5,201808,'August',2018),(20180831,'2018-08-31',35,5,201808,'August',2018),(20180901,'2018-09-01',35,1,201809,'September',2018),(20180902,'2018-09-02',36,1,201809,'September',2018),(20180903,'2018-09-03',36,2,201809,'September',2018),(20180904,'2018-09-04',36,2,201809,'September',2018),(20180905,'2018-09-05',36,2,201809,'September',2018),(20180906,'2018-09-06',36,2,201809,'September',2018),(20180907,'2018-09-07',36,2,201809,'September',2018),(20180908,'2018-09-08',36,2,201809,'September',2018),(20180909,'2018-09-09',37,2,201809,'September',2018),(20180910,'2018-09-10',37,3,201809,'September',2018),(20180911,'2018-09-11',37,3,201809,'September',2018),(20180912,'2018-09-12',37,3,201809,'September',2018),(20180913,'2018-09-13',37,3,201809,'September',2018),(20180914,'2018-09-14',37,3,201809,'September',2018),(20180915,'2018-09-15',37,3,201809,'September',2018),(20180916,'2018-09-16',38,3,201809,'September',2018),(20180917,'2018-09-17',38,4,201809,'September',2018),(20180918,'2018-09-18',38,4,201809,'September',2018),(20180919,'2018-09-19',38,4,201809,'September',2018),(20180920,'2018-09-20',38,4,201809,'September',2018),(20180921,'2018-09-21',38,4,201809,'September',2018),(20180922,'2018-09-22',38,4,201809,'September',2018),(20180923,'2018-09-23',39,4,201809,'September',2018),(20180924,'2018-09-24',39,5,201809,'September',2018),(20180925,'2018-09-25',39,5,201809,'September',2018),(20180926,'2018-09-26',39,5,201809,'September',2018),(20180927,'2018-09-27',39,5,201809,'September',2018),(20180928,'2018-09-28',39,5,201809,'September',2018),(20180929,'2018-09-29',39,5,201809,'September',2018),(20180930,'2018-09-30',40,5,201809,'September',2018),(20181001,'2018-10-01',40,1,201810,'October',2018),(20181002,'2018-10-02',40,1,201810,'October',2018),(20181003,'2018-10-03',40,1,201810,'October',2018),(20181004,'2018-10-04',40,1,201810,'October',2018),(20181005,'2018-10-05',40,1,201810,'October',2018),(20181006,'2018-10-06',40,1,201810,'October',2018),(20181007,'2018-10-07',41,1,201810,'October',2018),(20181008,'2018-10-08',41,2,201810,'October',2018),(20181009,'2018-10-09',41,2,201810,'October',2018),(20181010,'2018-10-10',41,2,201810,'October',2018),(20181011,'2018-10-11',41,2,201810,'October',2018),(20181012,'2018-10-12',41,2,201810,'October',2018),(20181013,'2018-10-13',41,2,201810,'October',2018),(20181014,'2018-10-14',42,2,201810,'October',2018),(20181015,'2018-10-15',42,3,201810,'October',2018),(20181016,'2018-10-16',42,3,201810,'October',2018),(20181017,'2018-10-17',42,3,201810,'October',2018),(20181018,'2018-10-18',42,3,201810,'October',2018),(20181019,'2018-10-19',42,3,201810,'October',2018),(20181020,'2018-10-20',42,3,201810,'October',2018),(20181021,'2018-10-21',43,3,201810,'October',2018),(20181022,'2018-10-22',43,4,201810,'October',2018),(20181023,'2018-10-23',43,4,201810,'October',2018),(20181024,'2018-10-24',43,4,201810,'October',2018),(20181025,'2018-10-25',43,4,201810,'October',2018),(20181026,'2018-10-26',43,4,201810,'October',2018),(20181027,'2018-10-27',43,4,201810,'October',2018),(20181028,'2018-10-28',44,4,201810,'October',2018),(20181029,'2018-10-29',44,5,201810,'October',2018),(20181030,'2018-10-30',44,5,201810,'October',2018),(20181031,'2018-10-31',44,5,201810,'October',2018),(20181101,'2018-11-01',44,1,201811,'November',2018),(20181102,'2018-11-02',44,1,201811,'November',2018),(20181103,'2018-11-03',44,1,201811,'November',2018),(20181104,'2018-11-04',45,1,201811,'November',2018),(20181105,'2018-11-05',45,2,201811,'November',2018),(20181106,'2018-11-06',45,2,201811,'November',2018),(20181107,'2018-11-07',45,2,201811,'November',2018),(20181108,'2018-11-08',45,2,201811,'November',2018),(20181109,'2018-11-09',45,2,201811,'November',2018),(20181110,'2018-11-10',45,2,201811,'November',2018),(20181111,'2018-11-11',46,2,201811,'November',2018),(20181112,'2018-11-12',46,3,201811,'November',2018),(20181113,'2018-11-13',46,3,201811,'November',2018),(20181114,'2018-11-14',46,3,201811,'November',2018),(20181115,'2018-11-15',46,3,201811,'November',2018),(20181116,'2018-11-16',46,3,201811,'November',2018),(20181117,'2018-11-17',46,3,201811,'November',2018),(20181118,'2018-11-18',47,3,201811,'November',2018),(20181119,'2018-11-19',47,4,201811,'November',2018),(20181120,'2018-11-20',47,4,201811,'November',2018),(20181121,'2018-11-21',47,4,201811,'November',2018),(20181122,'2018-11-22',47,4,201811,'November',2018),(20181123,'2018-11-23',47,4,201811,'November',2018),(20181124,'2018-11-24',47,4,201811,'November',2018),(20181125,'2018-11-25',48,4,201811,'November',2018),(20181126,'2018-11-26',48,5,201811,'November',2018),(20181127,'2018-11-27',48,5,201811,'November',2018),(20181128,'2018-11-28',48,5,201811,'November',2018),(20181129,'2018-11-29',48,5,201811,'November',2018),(20181130,'2018-11-30',48,5,201811,'November',2018),(20181201,'2018-12-01',48,1,201812,'December',2018),(20181202,'2018-12-02',49,1,201812,'December',2018),(20181203,'2018-12-03',49,2,201812,'December',2018),(20181204,'2018-12-04',49,2,201812,'December',2018),(20181205,'2018-12-05',49,2,201812,'December',2018),(20181206,'2018-12-06',49,2,201812,'December',2018),(20181207,'2018-12-07',49,2,201812,'December',2018),(20181208,'2018-12-08',49,2,201812,'December',2018),(20181209,'2018-12-09',50,2,201812,'December',2018),(20181210,'2018-12-10',50,3,201812,'December',2018),(20181211,'2018-12-11',50,3,201812,'December',2018),(20181212,'2018-12-12',50,3,201812,'December',2018),(20181213,'2018-12-13',50,3,201812,'December',2018),(20181214,'2018-12-14',50,3,201812,'December',2018),(20181215,'2018-12-15',50,3,201812,'December',2018),(20181216,'2018-12-16',51,3,201812,'December',2018),(20181217,'2018-12-17',51,4,201812,'December',2018),(20181218,'2018-12-18',51,4,201812,'December',2018),(20181219,'2018-12-19',51,4,201812,'December',2018),(20181220,'2018-12-20',51,4,201812,'December',2018),(20181221,'2018-12-21',51,4,201812,'December',2018),(20181222,'2018-12-22',51,4,201812,'December',2018),(20181223,'2018-12-23',52,4,201812,'December',2018),(20181224,'2018-12-24',52,5,201812,'December',2018),(20181225,'2018-12-25',52,5,201812,'December',2018),(20181226,'2018-12-26',52,5,201812,'December',2018),(20181227,'2018-12-27',52,5,201812,'December',2018),(20181228,'2018-12-28',52,5,201812,'December',2018),(20181229,'2018-12-29',52,5,201812,'December',2018),(20181230,'2018-12-30',53,5,201812,'December',2018),(20181231,'2018-12-31',53,6,201812,'December',2018);